doc_id,topic,query,Relevance_query,Subjectiveness_query,doc,categories,Faithfulness_doc,Coherence_doc,Relevance_doc,Fluency_doc,Comments
83859_1_p1_d1,Teenager,Should teenagers be allowed to work part-time jobs during the school year?,4,5,"As teenagers enter high school and approach the end of their teenage years, the need for financial independence and responsibility grows stronger. As such, it is crucial for teenagers to hold part-time jobs during the school year. Teenagers who are allowed to have part-time jobs will learn valuable life skills such as time management, responsibility, and financial planning.
First and foremost, working part-time while going to school will help teenagers hone their time-management skills. By balancing their school obligations with their work schedule, teenagers will learn how to prioritize their responsibilities and meet all of their obligations. This ability to manage their time will not only make them more productive in school but will also be an important life skill that they can carry with them throughout their adult lives.
Secondly, having a part-time job will help teenagers learn responsibility at an early age. When they have a job to attend, they will need to show up on time, complete assigned tasks, and work diligently to meet the expectations set by their employer. These skills translate to their schoolwork, where they will need to complete homework and projects, meet deadlines, and ultimately achieve academic success.
Finally, having a part-time job is an excellent way for teenagers to learn about money and budgeting. They will learn the value of hard work and the importance of financial responsibility, such as saving up for a car, college, or their future. Furthermore, learning about budgeting and saving at an early age will help them become financially independent in the future, allowing them to make smart decisions with their money and to achieve their long-term financial goals.
In conclusion, teenagers should be allowed to work part-time jobs during the school year to learn valuable skills such as time management, responsibility, and financial planning. These skills will not only help them succeed in their academic and personal lives but also prepare them for the challenges of adulthood.",['Law and order'],5,5,5,5,
83859_1_p1_d3,Teenager,Should teenagers be allowed to work part-time jobs during the school year?,4,5,"Teenagers should absolutely be allowed to work part-time jobs during the school year. There are numerous benefits to doing so that go beyond simply earning some extra cash.

Firstly, part-time jobs teach teenagers the value of hard work and responsibility. Having a job means they will have to balance their school work with their job duties, which teaches them time-management skills and forces them to prioritize tasks. This is a vital skill for later in life when they enter the workforce full-time.

Additionally, part-time jobs can help teenagers gain experience in fields they may be interested in pursuing as a career. For example, a teenager who works part-time at a retail store may gain valuable customer service skills that could be useful in a future job.

Furthermore, part-time jobs can provide teenagers with a sense of independence and self-sufficiency. They will be earning their own money and learning how to handle it responsibly, which is an important life skill.

Of course, there are also some who argue that part-time jobs may take away from teenagers' education. However, as long as the job doesn't interfere with schoolwork, there is no reason why a teenager can't work part-time and continue to excel academically.

In conclusion, there are numerous benefits to teenagers working part-time jobs during the school year. It teaches valuable life skills, provides hands-on career experience, and promotes independence. As long as it's done responsibly and doesn't interfere with their education, there is no reason why teens shouldn't be allowed to work during the school year.",['Law and order'],5,5,5,5,
5507411_6_p1_d2,Jury duty,"Is it justifiable to exempt certain professions, such as lawyers or judges, from jury duty?",5,5,"Jury duty is a crucial part of the justice system. It allows citizens to participate in the decision-making process and ensure that justice is served in a fair and impartial manner. However, some professions are exempt from serving on a jury. These professions include lawyers, judges, and other legal professionals. While some might argue that this is unfair, it is justifiable to exempt these groups from jury duty due to several reasons.

Firstly, lawyers and judges have extensive knowledge of the legal system. They have spent years studying the law and have experience working within the justice system. This knowledge could lead to a bias in the courtroom, potentially impacting the outcome of a trial. It is critical that jurors come into a case with an open mind and no preconceived ideas about the case at hand. If a lawyer or judge were to participate in jury duty, it is possible that they would bring their prior knowledge and beliefs to the table, which could alter the course of the trial.

Additionally, lawyers and judges may not have the time available to serve on a jury. Both lawyers and judges have demanding schedules and may not be able to commit the necessary time to sit through a lengthy trial. This could lead to a delay in the trial process and create a backlog of cases waiting to be heard. To avoid this, it is justifiable to exempt these individuals from jury duty due to their demanding schedules.

Lastly, exempting lawyers and judges from jury duty can ensure that they are able to continue representing their clients or presiding over cases. The justice system requires a balance of legal professionals to function correctly. Without lawyers or judges available to represent clients or oversee cases, the justice system would be unable to function effectively. Exempting these individuals from jury duty ensures that they can continue to carry out their critical roles in the legal system.

In conclusion, it is justifiable to exempt certain professions from jury duty. Legal professionals, such as lawyers and judges, possess specific knowledge and skills that could impact the outcome of a trial. Additionally, their busy schedules can make it challenging to commit to serving on a jury. Lastly, exempting these individuals from jury duty can guarantee that the justice system can function appropriately. While serving on a jury is an essential part of democracy, it is justifiable to exempt lawyers and judges from participating in this particular aspect of the justice system.",['Law and order'],5,5,5,5,
5507411_6_p2_d3,Jury duty,"Is it justifiable to exempt certain professions, such as lawyers or judges, from jury duty?",5,5,"Jury duty is a civic responsibility that is an integral and necessary part of the democratic process. It serves as the cornerstone of the judicial system where the ordinary citizens of the country act as decision-makers to ensure justice is served. It is a critical service that helps to uphold the rule of law, ensure the fair trial of accused individuals, and prevent legal disputes from becoming biased. Therefore, it is unacceptable to exempt certain professions, such as lawyers or judges, from this duty as it undermines the principles of democracy and justice.

Exemptions of certain professions from jury duty pose a serious threat to the justice system. Lawyers and judges, for instance, are undoubtedly knowledgeable about the legal system. They have a good understanding of legal procedures, courtroom etiquette, and laws. However, the fact that they possess such knowledge does not, in any way, indicate that they have superior judgment or are more objective than other citizens. Their professional training may also skew their understanding of the legal process, to the extent that their contribution and actions could be deliberately or unconsciously biased.

Furthermore, exempting certain professions from jury duty contradicts the fundamental principles of democracy. It undermines the idea that all citizens are equal before the law, and thus, it is their civic responsibility to participate in the justice system. By reserving jury duty for some individuals and not others, society is actively choosing who is responsible and who is exempt from carrying out an essential civic duty.

Ironically, exempting lawyers/judges from jury duty defeats the purpose of having a heterogeneous jury. By removing lawyers and judges from the pool, the jury may lack some crucial perspectives. It significantly reduces the diversity of viewpoints, experiences, and backgrounds represented in the court. As a result, the verdict is more likely to reflect a narrow interpretation of the law and may lead to unjust decisions.

In conclusion, exempting certain professions such as lawyers or judges from jury duty poses a great threat to the justice system and democracy. Jury duty is a civic responsibility, and every citizen has an equal obligation to serve their country in this capacity, regardless of their profession. Therefore, the exemptions of some professionals from jury duty must be reconsidered to serve the public interest, promote justice, and ensure the proper functioning of the legal system.",['Law and order'],5,5,5,5,
19008450_9_p2_d3,Prison,Should elderly or medically frail inmates be released from prison?,3,5,"As a society, we must consider the ethical implications of incarcerating elderly or medically frail inmates who pose minimal risk to society. Many of these inmates require extra medical care and support, which increases the financial burden on taxpayers. Moreover, these inmates can no longer contribute to society, which begs the question of why we continue to incarcerate them. Therefore, I am in favor of the release of elderly and medically frail inmates from prison.

First, the cost of incarcerating elderly and medically frail inmates is overwhelming. These inmates require extra medical care, medication, and support from the prison system, which can be very costly. The taxpayers bear this extra cost, which is simply unsustainable. This extra burden on taxpayers is unfair, especially when the chances of these inmates reoffending is minimal. Therefore, it makes economic sense to release these inmates from prison.

Additionally, the presence of elderly and medically frail inmates in prisons raises ethical questions. Prisons are designed to punish offenders and provide a deterrent to potential lawbreakers. They are not designed to house people who pose no threat to society, such as those who have become too old or sick to commit crimes. Rather than wasting resources punishing these individuals, we should consider alternative approaches, such as increased monitoring or early parole.

Moreover, elderly and medically frail inmates can no longer contribute to society. Their presence in prison is no longer serving any rehabilitative purpose. They are often isolated from their families and society, and the trauma of incarceration can have lasting effects on their health and wellbeing. Therefore, it is both ethical and humane to release them from prison and provide them with necessary medical care and support in a community setting.

In conclusion, the release of elderly and medically frail inmates from prison is not only financially sound but also the right thing to do from an ethical perspective. We should explore alternative approaches to dealing with these inmates that consider their health status and risk to society. Doing so will not only give these individuals a chance to live out their remaining years with dignity but also reduce the financial burden on taxpayers.",['Law and order'],5,5,4,5,
19008450_9_p1_d2,Prison,Should elderly or medically frail inmates be released from prison?,3,5,"There is a growing trend in the United States to release elderly and medically frail inmates from prison, arguing that they pose less of a threat to society and that retaining them in prison only infringes on their human rights. However, it would be a grave mistake to assume that such releases are always the best course of action.

Firstly, it is important to recognize that while elderly and medically frail inmates may not pose the same physical threat to society as younger, healthier inmates, they are still capable of committing crimes or engaging in misconduct. Furthermore, releasing them from prison may actually put them at greater risk of victimization, as they are likely to be targeted by criminals or taken advantage of by unscrupulous individuals.

Secondly, it is important to consider the impact that early release of elderly and medically frail inmates can have on the victims and their families. The criminal justice system exists, in part, to provide a sense of closure and justice to those who have been wronged. Allowing perpetrators of crimes to walk free prematurely can undermine the very foundation of our justice system and cause further trauma to victims and families.

Finally, keeping elderly and medically frail inmates in prison can serve an important societal purpose by deterring others from criminal activity. The threat of incarceration is a powerful motivator for individuals to think twice before committing a crime, and releasing certain inmates prematurely can send the wrong message to would-be offenders.

Of course, there are cases where the release of elderly and medically frail inmates is warranted, such as in situations where their medical needs cannot be adequately addressed within the prison system. However, it is important to exercise caution when making these decisions, and to ensure that the safety of the public, victims, and their families is not compromised.

In conclusion, while there may be valid reasons to release elderly and medically frail inmates from prison, it is important to consider the potential consequences of such releases. Balancing the needs of the individual with the needs of society as a whole is a delicate balancing act that requires careful consideration and a commitment to justice.",['Law and order'],5,5,4,5,
-7650887941962953109_1_p2_d3,Double jeopardy,"How has Valencianism developed over time, and what role has it played in Spanish political history?",1,4,"Valencianism, as a political ideology, originated in the early 20th century, and since then, it has played a significant role in the region's political history. As a Spanish person, it is important to acknowledge and understand the reasons behind the development of Valencianism and its impact on our country.

Valencianism developed as a response to the centralizing policies of the Spanish government, which neglected the cultural, linguistic, and economic differences of the regions. The movement aimed to protect and promote Valencian culture, language, and autonomy within the Spanish state. It sought to counteract the Spanish uniformity and assert the right of Valencia to self-government.

The rise of the Valencianist movement coincided with other regionalist movements in Spain, and it gained momentum during the Second Spanish Republic, a period when local governments had a significant degree of autonomy. However, with the onset of the Spanish Civil War and the ensuing Franco dictatorship, all regionalist movements were suppressed, and Valencianism went underground.

After Franco's death and the re-establishment of democracy, Valencianism emerged as a crucial political force in the region. The Valencian Community was recognized as an autonomous region with its own parliament and government, and the use of Valencian language was fully legalized.

However, in recent years, Valencianism has been accused of being too narrow-minded, inward-looking, and divisive, as some of its proponents prioritize regional interests over national interests. Some have even accused it of fostering intolerance and exclusion.

In conclusion, Valencianism has played a significant role in Spain's political history, and it has helped to preserve, protect, and promote the Valencian identity and culture within the Spanish state. Although challenges and criticisms persist, we Spanish must remain open to the diversity and richness of our regions, and respect the right of each to a distinct identity within the framework of a united Spain.",['Law and order'],5,5,5,5,
7941_8_p2_d2,Double jeopardy,"Does Double Jeopardy violate the principle of ""innocent until proven guilty""?",5,5,"As a defender of the principle of ""innocent until proven guilty"", I firmly believe that Double Jeopardy violates this crucial tenant of our legal system. The idea that someone can be tried and punished more than once for the same crime goes against the very foundation of our justice system.

The Double Jeopardy clause exists in the Fifth Amendment of the United States Constitution, which states that ""No person shall be...subject for the same offence to be twice put in jeopardy of life or limb."" This clause is meant to protect individuals from being tried multiple times for the same crime, in order to prevent the government from using its power to harass or oppress citizens.

However, there are several exceptions to this clause, which allow for individuals to be tried again for the same crime under certain circumstances. For example, if new evidence is discovered that was not available during the original trial, the accused can be retried. Additionally, if the first trial ended in a mistrial due to a hung jury or other legal issues, the accused can be retried.

While these exceptions may seem reasonable on the surface, they open up a dangerous loophole that allows the government to continue pursuing individuals who have already been acquitted. If the prosecution does not get the result they want in the first trial, they can simply keep trying until they get the outcome they desire. This puts tremendous pressure on individuals who have already gone through a trial, causing stress and anxiety as they are forced to face the same charges again and again.

Furthermore, this practice denies individuals a sense of closure and justice. If someone is acquitted of a crime, they should be able to move on with their lives without the constant fear of being retried. The government should not be allowed to repeatedly bring someone back to court simply because they deem them guilty, especially if new evidence is not discovered.

In conclusion, Double Jeopardy is a violation of the principle of ""innocent until proven guilty"". It allows the government to harass and oppress citizens, and denies individuals a sense of closure and justice. It is crucial that we uphold the Fifth Amendment and protect individuals from being tried multiple times for the same crime.",['Law and order'],5,5,5,5,
65735_7_p2_d3,Military draft,Did the Rape of Nanking have a lasting impact on China-Japan relations?,2,5,"The brutal events of the Rape of Nanking in 1937 were undoubtedly a tragic and regrettable chapter in Japanese history. As representatives of the Japanese people, we express our deepest condolences to the victims and their families. However, it is important to note that not all Japanese people were involved in the atrocities committed during that period, and the actions do not represent the current views or actions of the Japanese people or government.

Despite the passage of time and Japan's efforts to apologize for the terrible events that took place in Nanking, the incident continues to be a source of tension between China and Japan. This is partly due to differing interpretations of history between the two nations and the political climate at any given time, but it is also due to the gravity of the events that took place in Nanking.

Since the end of WWII, the Japanese government and people have taken steps towards reconciliation and peaceful relations with China. This includes apologies from the government and compensation for victims, as well as cultural and educational exchange programs. However, the issue of Nanking remains a sensitive topic that has the potential to strain relations between Japan and China.

It is important for both nations to continue efforts towards reconciliation and understanding. Acknowledging the tragedies of the past and working towards a better future is essential to achieving peaceful and productive relations between China and Japan. The Japanese people and government remain committed to furthering these efforts.",['Law and order'],3,5,4,5,
65735_1_p1_d2,Military draft,Is the Rape of Nanking a taboo topic in modern-day Japan?,1,5,"In modern-day Japan, the Rape of Nanking remains a controversial and sensitive topic. Many people believe that discussing the tragedy is taboo because it brings shame and guilt to Japan's history.

The Rape of Nanking, also known as the Nanking Massacre, was a horrific event that took place during the Second Sino-Japanese War in 1937. Japanese troops invaded the Chinese city of Nanking and committed atrocities such as rape, murder, and torture. The exact number of casualties is unknown, but estimates range from 200,000 to 300,000 dead.

While Japan has apologized for its wartime aggression and atrocities, the topic of the Nanking Massacre remains a contentious issue. Some people in Japan deny that the massacre happened, while others acknowledge its occurrence but downplay its significance or blame it on rogue soldiers.

For those who believe that the Rape of Nanking is a taboo topic, bringing up the tragedy is seen as unpatriotic and anti-Japanese. They argue that dwelling on past atrocities takes away from Japan's progress and achievements in modern times. Instead, they believe that Japan should focus on building strong relationships with its neighbors and promoting regional cooperation.

However, those who advocate for discussing the Nanking Massacre believe that remembering the tragedy is essential for preventing similar atrocities from happening in the future. They argue that acknowledging past wrongs is the first step towards reconciliation and healing.

In recent years, the Japanese government has taken steps to address the issue of the Nanking Massacre. In 2015, then-Prime Minister Shinzo Abe issued a statement expressing ""profound grief"" and ""sincere condolences"" for the victims of the massacre. However, some critics claim that the statement did not go far enough in acknowledging Japan's responsibility for the tragedy.

Overall, the debate over whether the Rape of Nanking is a taboo topic in modern-day Japan is far from settled. While some people believe that it is a shameful part of Japan's history that should not be discussed, others argue that confronting the past is necessary for building a better future.",['Law and order'],4,5,5,5,
471603_5_p1_d3,Public education,Should public schools provide free lunch to students?,3,5,"From the perspective of a concerned citizen who believes in the welfare of students, public schools should provide free lunch to students. This is because providing a free lunch to students is a simple but effective way of ensuring that children receive adequate nutrition and energy to concentrate effectively in class. It will also help address the issue of student hunger, which has adverse effects on the academic performance and general well-being of students.

Providing free lunch to students in public schools can benefit both the students and the community as a whole. For starters, students will no longer have to worry about where their next meal will come from, and this will help reduce absenteeism, tardiness, and other problems related to hunger. A good meal will keep students energized, enhance their concentration in class, and improve their overall academic performance. In the long run, these benefits can have a positive impact on the community as a whole, as an educated and healthy population is essential to local development and progress.

Some people argue that providing free lunch to students will result in increased taxes, which would burden taxpayers. However, this argument is flawed, as the benefits of providing free lunch to students far outweigh the costs. In fact, studies have found that providing free lunch to students can help reduce the cost of healthcare and other social services, offsetting the cost of providing free lunch. Moreover, schools can also leverage government subsidies and private donations to fund the program.

Providing free lunch to students in public schools is not only a moral obligation but also a practical solution to the problem of student hunger. It is a simple but effective way of ensuring that students receive adequate nutrition and energy to concentrate effectively in class. It can also help reduce absenteeism and other issues related to hunger, thereby improving academic performance and the well-being of students. Therefore, it is high time we prioritize the well-being of students by providing free lunch to those who need it in public schools.","['Politics and economics', 'Law and order']",5,5,5,5,
471603_2_p2_d2,Public education,Should public schools have armed security guards?,4,5,"In today's world where gun violence and mass shootings have become a norm, it's no surprise that there's an ongoing debate about whether having armed security guards in public schools would provide an additional layer of protection to students and staff. However, as an advocate for non-violent and peaceful means to curb school violence, I strongly oppose the idea of arming school security personnel.

First and foremost, the presence of armed security guards in school premises creates an atmosphere of fear and anxiety among students, which is completely against the ideals of education. School is a place where children should feel safe and secure, and the presence of guns and armed personnel would undoubtedly make them feel threatened and intimidated. This kind of environment could result in a negative impact on their mental health, thereby diminishing their academic performance, and affect their overall well-being.

Moreover, arming security personnel could lead to an increased risk of accidental shootings. We must not forget that these are still human beings, and there is always a risk of accidental discharge of a firearm or improper use of force. Innocent lives could be lost, leaving a devastating and long-lasting impact on students, parents, and teachers alike.

Another point to consider is the cost of hiring armed security guards. Public schools already struggle to meet the financial demands of education, and now adding the costs of hiring, training, and equipping security guards with firearms would result in additional budget constraints. The funds could be better utilized towards educational programs and other essential resources that will improve the quality of education for students.

Lastly, arming school security personnel sends the wrong message to children about conflict resolution. By having guns brought into a school, we're indirectly teaching children that violence is the solution to problems. Instead, we should be promoting peaceful conflict resolutions, as they are essential values for moral development and effective communication skills.

In conclusion, the idea of having armed security guards in public schools is not practical, nor is it feasible to ensure a safe and nurturing learning environment. We, as a society, must work towards researching and implementing proactive measures to prevent school violence without compromising our children's education and safety. We should teach our children the values of peace, love, respect, and empathy that will help reduce violence and promote positive behavior in the long run.","['Politics and economics', 'Law and order']",5,5,5,5,
5785_7_p2_d4,Crime,Is the death penalty an effective deterrent to violent crime?,,,"The death penalty has long been a controversial topic with strong arguments on both sides. However, as someone who is against capital punishment, I do not believe that it is an effective deterrent to violent crime.

Firstly, there is no clear evidence that suggests the death penalty has a significant effect on reducing violent crime rates. In fact, statistics show that states without the death penalty have lower violent crime rates compared to states that do have it. This suggests that crime prevention strategies should focus on other factors such as education, poverty reduction, and mental health support.

Furthermore, there is also the issue of wrongful convictions. The risk of executing innocent people is too great, and unfortunately, it has happened in the past. An execution cannot be undone if new evidence emerges that proves the innocence of the convicted individual. In the case of Troy Davis, who was executed in 2011 for a crime that many believe he did not commit, it highlights the flaws in the justice system.

Additionally, the death penalty is often used disproportionately against marginalized individuals. Minorities, poor people, and those with mental health issues are more likely to receive the death penalty than others. This is a clear sign of systemic bias within the justice system, and it should not be ignored.

Lastly, there is also a moral issue with the death penalty. Taking a life, even if it is legal, is something that should not be taken lightly. We should be focusing on rehabilitation and restorative justice instead of seeking revenge.

In conclusion, the death penalty is not an effective deterrent to violent crime. It is a flawed and biased system that risks executing innocent people and perpetuating systemic injustice. There are other, more effective ways to prevent violent crime that do not involve taking a life.",['Law and order'],,,,,
5785_4_p1_d4,Crime,Should the government invest more in rehabilitation programs and less in building more prisons?,,,"As a taxpayer, it is important to question where the government is investing its resources and whether it aligns with our values and goals. One area of concern is the criminal justice system and the continuous cycle of incarceration. Instead of building more prisons, the government should prioritize investing in rehabilitation programs to address the root causes of crime and prevent individuals from reoffending.

The current system has shown that simply incarcerating individuals does not solve the underlying issue or prevent recidivism. In fact, the United States has one of the highest incarceration rates in the world, with about 2.3 million individuals behind bars. This over-reliance on incarceration not only affects the individuals directly impacted but also puts a strain on society at large, as the costs of building and maintaining prisons are astronomical.

On the other hand, rehabilitation programs offer a more effective and sustainable solution. These programs aim to address the root causes of criminal behavior, such as addiction, mental illness, and poverty. By providing individuals with access to education, job training, and counseling, rehabilitation programs equip them with the tools needed to reintegrate into society and reduce the likelihood of reoffending.

Furthermore, investing in rehabilitation programs can also ultimately save taxpayers money in the long run. According to a report by the Brennan Center for Justice, states that have implemented effective recidivism reduction strategies have saved billions of dollars in costs associated with incarceration.

The argument against investing in rehabilitation programs often comes down to the fear of being perceived as “soft on crime.” However, this perspective fails to acknowledge the potential for positive outcomes and the humanity of those caught up in the criminal justice system. The government has a responsibility to not only protect society but also promote rehabilitation and second chances for individuals who have made mistakes.

In short, investing in rehabilitation programs rather than building more prisons is a more effective and humane approach to addressing crime in society. By working towards addressing the root causes of criminal behavior, we can help prevent recidivism and support individuals in becoming productive members of society. It’s time for the government to prioritize rehabilitation over incarceration and invest in a brighter future for all.",['Law and order'],,,,,
23430752_5_p2_d2,Internal Revenue Service,Should the Internal Revenue Service be abolished and replaced with a national sales tax?,,,"The idea of abolishing the Internal Revenue Service (IRS) and replacing it with a national sales tax has been a topic of discussion for years. While some argue that this would simplify the tax system and promote fairness, there are several reasons why this proposal would do more harm than good.

Firstly, a national sales tax would disproportionately affect low-income households. Sales taxes are regressive in nature, meaning that they take a larger percentage of income from those with lower incomes. This would not only hurt low-income families financially but exacerbate income inequality in the United States.

Secondly, a national sales tax would make it easier for tax evaders to escape detection. Currently, tax audits and investigations conducted by the IRS help to ensure that everyone pays their fair share of taxes. However, with a sales tax, it would be much harder to track and trace transactions, leaving more room for tax evasion and fraud.

Thirdly, a national sales tax would be more susceptible to fluctuations in the economy. Sales tax revenue is closely tied to consumer spending, which tends to decrease during economic downturns. As a result, a sales tax would provide less revenue during difficult economic times, making it harder for the government to fund crucial programs and services.

Lastly, abolishing the IRS would also lead to significant job losses. The IRS employs thousands of people who are responsible for processing tax returns, conducting audits, and enforcing tax laws. With the elimination of the IRS, there would be a massive employment vacuum that would affect many families and communities.

In conclusion, while the idea of abolishing the IRS and implementing a national sales tax may seem appealing at first glance, it is clear that this proposal would be detrimental to low-income households, increase the likelihood of tax evasion, and provide less revenue during difficult economic times. Overall, we must consider the ramifications of such a drastic change before considering its implementation.",['Law and order'],,,,,
23430752_3_p2_d4,Internal Revenue Service,Should tax penalties be increased or decreased by the Internal Revenue Service?,,,"As taxpayers, we all know the feeling of dread that comes with the possibility of facing tax penalties. With the constant threat of significant penalties for making mistakes or failing to comply with regulations, it can be difficult to navigate the complicated world of taxes and feel confident that we are doing everything correctly. In order to alleviate some of this stress, it is crucial that the Internal Revenue Service (IRS) takes steps to decrease tax penalties.

There are many reasons why tax penalties should be decreased by the IRS. For starters, small businesses and individual taxpayers may not have the resources necessary to handle significant tax penalties. With so many expenses to consider, it is essential that the IRS does not impose penalties that could cause businesses or individuals to go into debt. Additionally, implementing strict penalties for even the smallest errors can lead to a decrease in compliance overall. This is because taxpayers may be less likely to report their income or pay their taxes if they fear being penalized.

Another reason why tax penalties should be decreased is the fact that many individuals and small businesses simply don't understand the complexities of the tax code. While there are countless online resources and tax professionals available to help taxpayers navigate the code, it is still incredibly easy to make mistakes or miss important deadlines. Decreasing tax penalties would go a long way towards helping individuals and businesses who are doing their best to stay compliant, but may simply need a little bit of help.

Finally, decreasing tax penalties would help to promote fairness in the tax system. As it currently stands, the penalties imposed by the IRS can seem arbitrary and overly harsh. By decreasing penalties across the board, the IRS would be working towards creating a system that is fair and just for all taxpayers.

In conclusion, the IRS should take steps to decrease tax penalties. Doing so would help to alleviate the stress that comes with tax season, promote compliance with tax regulations, and create a fairer system for all taxpayers. While the IRS still needs to enforce the law and punish those who deliberately flout the rules, penalties should be calibrated to reflect the reality of the current system and the difficulties many taxpayers face.",['Law and order'],,,,,
30297_0_p1_d4,Tax,Should taxes be simplified to a single flat rate for all income levels?,,,"Taxes are a complicated and confusing facet of our economy. The system we currently have in place is incredibly complex, with each income level taxed at a different rate. But what if we simplified the tax code and moved towards a single flat tax rate for all levels of income? Those in favor of such a change argue that it could benefit Americans in a variety of ways.

First and foremost, moving towards a flat tax rate would make the system much more transparent. Currently, taxpayers are forced to navigate an incredibly complex web of deductions, credits, and loopholes. By having a single rate, everything would be much more clear and understandable. This would help lower the overall cost of preparing taxes, and would help the average American better understand their obligations to the government.

Another major benefit of a flat tax would be the elimination of social engineering in the tax code. Currently, the tax code is used to encourage certain behaviors and discourage others. For example, many deductions and credits exist to incentivize people to invest in certain industries or to purchase energy-efficient homes. However, these policies can be confusing and unfair, and create an uneven playing field in the economy. By having a single flat rate, the government could eliminate these complex policies and create an even playing field for all Americans.

Critics argue that a flat tax disproportionately benefits the wealthy, who would be subject to much lower tax rates than they currently are. However, those in favor of a flat tax point out that everyone would be subject to the same rate, and that the wealthiest Americans would still be paying a significant amount of money to support the government. In addition, a flat tax would allow for greater economic growth, as businesses and individuals would be able to keep more of their hard-earned money. This, in turn, could lead to more employment opportunities and a stronger, more resilient economy.

Ultimately, the debate over the tax code will continue to rage on. However, those in favor of a single, flat tax rate argue that it would simplify the system, eliminate social engineering, and create a more transparent and fair economy. As we move forward, it will be important to consider all options and to work towards a tax code that will benefit all Americans.",['Law and order'],,,,,
30297_2_p2_d3,Tax,Should inheritance taxes be increased or abolished?,,,"The idea of inheritance taxes has always been controversial. Some believe it is a fair way of reducing wealth inequality, while others argue it is an unfair burden on families who have already lost a loved one. As an advocate for abolishing inheritance taxes, I believe that it is time to put an end to this outdated and unfair taxation system.

The first reason why inheritance taxes should be abolished is that individuals have the right to control their wealth and assets. People have the right to decide what to do with their money, whether it is to save, invest, or pass it on to their loved ones. Inheritance taxes take away this fundamental right by taxing people for simply wanting to provide for their family members.

Secondly, inheritance taxes add unnecessary complexity to estate planning. Families already have to deal with the loss of a loved one, which can be emotionally and financially stressful. Adding inheritance taxes to the mix only makes things more complicated, requiring the assistance of a professional tax planner, which is an additional expense.

Thirdly, inheritance taxes discourage wealth creation and investment. When people know that their hard-earned wealth will be heavily taxed upon their death, they are less likely to invest or take risks. This reduces the amount of money available for businesses which results in fewer job opportunities and less economic growth.

Inheritance taxes are also not always fair. There are individuals who have worked hard to create wealth, and they should have the right to pass it on to their children without being heavily taxed. In contrast, some families may have created their wealth through illegal or unethical means and since they have the financial resources to pay for tax planning, they can avoid taxes altogether.

In conclusion, inheritance taxes serve as a disincentive to wealth creation, investment, and financial planning. Their abolition would provide families with the freedom to plan for their future and the future of their loved ones. People should be able to decide how to use their own money instead of having the government dictate the terms. Consequently, the abolition of inheritance taxes would be a great step towards economic freedom and prosperity.",['Law and order'],,,,,
171233_3_p2_d1,Juvenile,Should juvenile records be sealed from public access?,,,"Juvenile offenders should be held accountable for their actions, and their records should not be sealed from public access. If a juvenile commits a crime, they should be treated in the same way as an adult offender. Sealing their record serves no purpose other than to protect them from the consequences of their actions.
There are several reasons why juvenile records should not be sealed. Firstly, public access to their records provides accountability. By allowing the public to access their records, we ensure that juveniles are held accountable for their actions and do not simply receive a slap on the wrist. This also helps to deter others from engaging in criminal behavior.
Secondly, public access to juvenile records can promote public safety. If a juvenile has a history of violent behavior or drug abuse, potential employers or landlords may have a right to know about these issues to protect themselves and others. Without public access to their records, we may unknowingly put ourselves and others at risk.
Finally, public access to juvenile records promotes fairness. If a juvenile is charged with a crime, it is important that their record is available to judges, juries, and attorneys. This ensures that they are not given preferential treatment or special privileges simply because they are young.
In conclusion, juvenile records should not be sealed from public access. Juvenile offenders should be held accountable for their actions, and public access to their records helps to promote accountability, public safety, and fairness. While we must be mindful of their privacy, we must also prioritize the needs of the community and the safety of the public.",['Law and order'],,,,,
171233_5_p2_d4,Juvenile,Can rehabilitation programs be effective in preventing juvenile crime?,,,"While rehabilitation programs may seem like an attractive solution to juvenile crime, the truth is that they are often not effective in preventing it. Despite the best intentions of these programs, there are many reasons why they fall short of their goals.

One of the biggest shortcomings of rehabilitation programs is that they are often poorly structured and implemented. Many of these programs are underfunded and understaffed, which means that they are unable to provide adequate resources and support to the juveniles who are enrolled in them. Often, the only real intervention provided is counseling, which may be insufficient if the young person has deeper underlying issues that need to be addressed through a more holistic approach.

Another issue with rehabilitation programs is that they are often voluntary, which means that those who are the most at risk of engaging in juvenile crime may not participate in them. This can often be due to a lack of motivation or a belief that the programs will not actually help them to change their behavior. Without full participation in the program, the chances of success are greatly reduced.

Furthermore, rehabilitation programs may not always address the root causes of juvenile crime. Many young people who engage in criminal activity do so because they are facing difficult circumstances at home or in their communities. Rehabilitation programs that do not take these underlying issues into account will not succeed in preventing juvenile crime.

Lastly, it is important to remember that even the best rehabilitation programs will not be able to solve every problem. There will always be young people who continue to engage in criminal behavior despite the intervention of these programs. While it is important to continue to invest in rehabilitation efforts, it is equally important to acknowledge their limitations.

In conclusion, while rehabilitation programs may seem like a promising solution to juvenile crime, they are often insufficient in their effectiveness. Addressing the root causes of juvenile crime and ensuring that rehabilitation programs are properly funded and implemented may help to improve their outcomes. However, it is important to acknowledge that rehabilitation programs are not a panacea and that there will always be some juvenile crime that cannot be prevented.",['Law and order'],,,,,
466454_9_p1_d4,Selective Service,"Should women be required to register for the Selective Service System, the same way men currently are?",,,"In recent years, the topic of requiring women to register for the Selective Service System has been a heavily debated topic. As technology has advanced and military roles have evolved to allow more women to serve in combat roles, some argue that women should be required to register for the draft just as men currently are. However, I believe that this is not necessary and that requiring women to register would do more harm than good.

First and foremost, the idea of forcing women to register for the Selective Service System goes against the very principles of equality that it claims to support. While the advocates of this policy argue that it is a step towards equality, in reality, it is only a step towards forcing women to subject themselves to the same kind of coercive power that men have been subjected to for decades. This is not the kind of equality that will be beneficial to society as a whole.

Furthermore, the idea of requiring women to register for the Selective Service System is both impractical and unnecessary. Currently, the US military is an all-volunteer force and has been for over 40 years. Additionally, new technologies and the changing nature of warfare have made it possible for military operations to be conducted with fewer and fewer troops on the ground. The need for conscription in today's military environment is simply not as pressing as it was in the past.

Finally, if women were required to register for the Selective Service System, it would only serve to further the idea that women are seen as second-class citizens in this country. It is bad enough that women are still fighting for equal pay, reproductive rights, and access to healthcare. Adding mandatory conscription to that list will only make matters worse and make it seem as if women are not valued as equal members of society.

In conclusion, requiring women to register for the Selective Service System is a bad idea that goes against the very principles of equality and freedom. It is unnecessary, impractical, and will only serve to reinforce outdated and harmful attitudes towards women. It is time to move away from the notion that military service is only for men and towards a more inclusive society that values and respects the contributions of women in all areas of life.",['Law and order'],,,,,
466454_4_p1_d4,Selective Service,Is the Selective Service System discriminatory against certain socioeconomic and ethnic groups?,,,"The Selective Service System, which requires all males aged 18 to 25 to register for potential military conscription, is a discriminatory practice that disproportionately affects certain socioeconomic and ethnic groups. The system is an outdated relic from a time when conscription was necessary for wartime efforts, and it is time for it to be abolished.

The burden of registering for the Selective Service System falls most heavily on lower-income individuals and communities of color, who are already marginalized and face socio-economic disadvantages. According to a report from The National Poverty Center, the poverty rate among African American males is significantly higher than the poverty rate among white males, which means that Black men are more likely to be affected by registration for the Selective Service System.

Additionally, immigrant communities and undocumented individuals face specific challenges in registering for the system, despite not being eligible for military service. As a result, they are often excluded from public benefits and other government programs, further exacerbating their already limited access to resources.

Furthermore, the Selective Service System's requirement of male-only registration is also discriminatory towards gender minorities. The system reinforces outdated and oppressive gender roles that ostracize those who identify outside of the binary of male and female.

The Individual placement discrimination in the Selective Service System is also reflected in its impact on individuals from rural areas or low-income backgrounds. These individuals often do not have access to the same resources as their peers from more affluent families and are, therefore, at a disadvantage when trying to navigate the system.

In conclusion, the Selective Service System is a discriminatory and outdated practice that negatively impacts certain socioeconomic and ethnic communities, as well as gender minorities. It fails to serve the best interests of the American people and should be abolished immediately. All individuals, regardless of socioeconomic status, race, or gender identity, deserve equal opportunities and access to resources. The Selective Service System denies them both.",['Law and order'],,,,,
51036_1_p2_d4,Illegal drugs,"Is the War on Drugs a failure, and should we pursue alternative policies? ",,,"The War on Drugs has been a controversial issue for several decades. There are those who argue that it is a failure and that alternative policies should be pursued instead. However, it is important to consider the effectiveness of the policy thus far and whether alternative policies are actually feasible.

First and foremost, we cannot deny that the War on Drugs has had some successes. Drug use has decreased in the United States since the implementation of this policy in the 1980s. Additionally, the policy has deterred many potential drug users from trying drugs in the first place.

However, we must also acknowledge that the War on Drugs has not been entirely successful. In many cases, it has actually had detrimental effects. For example, crimes related to drug trafficking have increased, and the policy has disproportionately affected communities of color. Nonviolent drug offenders are often given harsh sentences, resulting in overcrowded prisons and a strain on the criminal justice system.

Rather than calling for the complete abandonment of the War on Drugs, it may be more productive to focus on improving the policy. This could involve reevaluating what is considered a crime and what kind of penalties are appropriate. It could also involve providing greater access to addiction treatment programs and addressing the root causes of drug abuse, such as poverty and mental health issues.

Furthermore, it is worth considering that alternative policies may not be any more effective. Legalizing drugs, for example, may lead to increased usage and addiction. It is also unclear how such a policy would be enforced, as the government would still have to regulate the sale and distribution of these drugs.

In conclusion, while the War on Drugs has had its flaws and shortcomings, it is a policy that has been effective to some extent. Rather than abandoning it altogether, we should focus on improving the policy and addressing its flaws. Only then can we achieve a society that is free from the devastating effects of drug abuse.",['Law and order'],,,,,
51036_2_p1_d3,Illegal drugs,Should recreational drug users be held criminally liable for the impact of drug-related crimes that occur while they are under the influence?,,,"Drug abuse is a serious problem that plagues our society, and its impacts cannot be overstated. One major issue that arises from drug abuse is the increased risk of drug-related crimes. It is for this reason that the argument for holding recreational drug users accountable for the crimes that occur while they are under the influence of drugs is not only valid but may just be necessary.

Drug-related crimes can range from drug possession, distribution, and sale to robbery, assault, and even murder. Those who use drugs recreationally are considered a part of the larger drug culture that enables and fuels the criminal activities associated with drug trafficking and abuse.

When drug users consume drugs, they impair their judgment, and this has a direct impact on their behavior and decision-making abilities. The effect of these substances causes users to act impulsively, and this can result in reckless and dangerous behavior. As a society, we have a duty to protect ourselves from such behavior.

The argument that drug use is a personal choice and therefore not deserving of punishment fails to consider the impact that drug use has on society as a whole. The cost of drug-related crimes is borne by the public and not only by the users. Drug-related crimes increase the burden on the criminal justice system, resulting in higher court costs, increased prison populations, and additional burdens on law enforcement.

It is, therefore, imperative that those who choose to partake in potentially dangerous substances must also bear the responsibility of their actions. Holding recreational drug users accountable for drug-related crimes is necessary for ensuring the safety of our communities.

Drug users harm themselves, their families, and society. They create economic and legal burdens resulting from drug-related crimes. Therefore, they should be held criminally liable for the impact of drug-related crimes. By doing this, drug users will be more responsible and considerate of their actions, which will, in turn, promote a safer society.",['Law and order'],,,,,
18486_4_p1_d4,Law enforcement,Should police officers be allowed to pursue suspects in high-speed chases?,,,"As a law enforcement officer, it is our duty and responsibility to apprehend criminals who break the law. Pursuing suspects in high-speed chases is an essential tool in our fight against crime. We need to chase them in order to catch them, and preventing us from doing so removes a vital tool that we need to keep our communities safe.

Critics of high-speed pursuits argue that they are too dangerous and pose a threat to innocent bystanders. While there is some truth to this, we are highly trained and skilled in pursuing suspect vehicles while minimizing the risk to bystanders. We take all necessary precautions and weigh the risks carefully before engaging in a high-speed pursuit.

Furthermore, allowing suspects to flee without consequence sends the message that breaking the law has no real consequences. It also emboldens criminals to commit more crimes in the future. We simply cannot allow this to happen. Pursuing suspects displays a determination to uphold the law and sends a clear message to criminals that their actions will not go unpunished.

Moreover, it is not just about catching criminals. High-speed pursuits also serve as a powerful deterrent, especially for those who are considering committing a crime. The knowledge that law enforcement officers are willing to chase down and apprehend offenders is often enough to deter people from committing a criminal act. In this way, high-speed pursuits actually prevent crime from happening in the first place.

In conclusion, the ability to pursue suspects in high-speed chases is essential for law enforcement officers. The risk of innocent bystanders being hurt is low, and the benefit of apprehending criminals and deterring others from breaking the law is high. We need all the tools at our disposal to fight crime effectively, and high-speed pursuits are one of the most valuable ones we have.",['Law and order'],,,,,
18486_4_p1_d1,Law enforcement,Should police officers be allowed to pursue suspects in high-speed chases?,,,"Police officers have a duty to protect and serve their communities. Pursuing suspects in high-speed chases may be necessary in certain situations to apprehend dangerous criminals and prevent harm to civilians. The ability to chase suspects also serves as a deterrent against criminals who may consider engaging in criminal activities in their jurisdictions.
Moreover, the potential risk of a high-speed chase doesn’t necessarily outweigh the benefits. It is essential to acknowledge that the safety of the public, the suspect, and the officers involved should be the top priority. Therefore, police officers must be adequately trained and equipped to handle high-speed chases, ensuring that they are conducted in a safe and controlled manner. Additionally, technology such as GPS and helicopter surveillance can be used to track suspects and mitigate the risks of high-speed chases.
Furthermore, banning high-speed chases may encourage criminals to believe that they can escape the authorities, making these criminals more dangerous as they may not fear the penalties that come with their actions. As such, police officers should have the authority and equipment to apprehend criminals who pose a danger to society.
In conclusion, high-speed chases are an effective tool for law enforcement agencies to arrest dangerous criminals and deter crime. However, these pursuits must be executed safely and with the utmost care for public safety.",['Law and order'],,,,,
51549_6_p2_d3,Postal code,Is the use of postal codes important in ensuring efficient and accurate mail delivery?,,,"As a strong advocate against the use of postal codes, I firmly believe that the system is a hindrance rather than an aid in ensuring efficient and accurate mail delivery. Here are some of my reasons.

Firstly, despite being a universal system adopted by many countries, the implementation of postal codes is far from uniform. In fact, some countries use alphanumeric codes while others solely rely on numeric codes. This lack of standardization creates confusion not only among mail sorters but also among sending and receiving individuals. The use of postal codes adds unnecessary complexity to an already complex system, which can lead to delays and inaccurate delivery of mail.

Secondly, postal codes are not infallible and do not guarantee accurate mail delivery. There are many instances where mail is delivered to the wrong address even if the correct postal code was provided. This occurs when the post office is unable to differentiate between two similar addresses within a single postal code. In such cases, a street or unit number would be more effective in delivering mail to the intended address.

Lastly, the adoption of a postal code system incurs significant costs that would be better spent elsewhere. A lot of resources are spent in the creation, implementation, and maintenance of postal codes. These costs are then transferred to consumers in the form of additional fees that are charged for mailing services. This puts a strain on the already struggling postal service providers, which have been grappling with declining mail volume over the years.

In conclusion, while postal codes were initially created to streamline the mail delivery process, they have since become a liability and unnecessary burden. From misinformation between countries that use different systems, to the possible issues resulting from similar addresses sharing postal codes, and the overall cost of implementation, it’s evident the system needs reform. Instead of expending on postal codes, funds should go towards initiatives that will ensure speedier, accurate and reliable delivery services.",['Law and order'],,,,,
51549_5_p2_d3,Postal code,Are postal codes an effective way of tracking demographic data?,,,"Postal codes have long been used as a means for tracking demographic data. This system assigns codes to geographic regions with the intention of identifying specific populations, economic statuses, and other demographic information that may serve useful for various purposes. However, there are increasing concerns that postal codes are not an effective way of tracking demographic data. In fact, I argue that this system can be quite limited in identifying the details of populations and often reinforces damaging stereotypes.

The primary limitation of postal codes as a means of tracking demographic data is that they do not provide a comprehensive picture of who a population truly is. While postal codes can indicate certain demographic features, such as income or race, they do not account for the complexities of individuals who live in those areas. For example, a neighborhood with a high median income may still have families living below the poverty line.

Additionally, postal codes reinforce stereotypes and biases even when they attempt to define populations. For instance, a zip code with a high minority population may be labeled as a low-income area even if there are affluent people in that area. These labels have long-lasting impacts on the people living in those areas, often leading to discrimination, negative assumptions, and other issues.

Furthermore, the boundaries of postal codes often do not reflect the actual geographic or cultural boundaries of the communities they serve. Many communities, especially those located in cities, may be divided by a zip code despite sharing cultural and social boundaries. This artificial separation leads to a misrepresentation of these communities' experiences, interests, and needs.

Finally, postal codes are not always reliable in capturing demographic data. People frequently move in and out of regions, making it hard to maintain accurate data. Moreover, postal codes may not always accurately reflect an individual's current demographic information. This can be the case when, for example, someone from a low-income area like a college student rents an apartment in an affluent neighborhood.

Postal codes may be effective for the postal service in delivering mail and packages, but they are not an efficient means of tracking demographic data. They are limited, misleading, inaccurate and biased. Therefore, as we move forward in developing better systems for tracking demographic data, address-based indicators like postal codes should be moved away from so that we can get a more complete picture of communities and individuals.",['Law and order'],,,,,
59564_0_p2_d3,Judicial system,Is there a need for criminal justice reform in the United States?,,,"The criminal justice system in the United States is one of the most advanced and effective in the world. It provides a fair and just legal process for everyone, irrespective of their race, gender, or class. Therefore, it is a fallacy to suggest that there is a need for reform in the criminal justice system.

To begin with, the criminal justice system is designed to punish people who have been found guilty of committing crimes. There is no way to reform this aspect of the system since this is an essential part of ensuring that the society is safe for everyone. The courts and law enforcement agencies have been designed to ensure that criminal activities are discouraged, and people understand the consequences of their actions.

Secondly, the argument that minorities are disproportionately affected by the criminal justice system is not entirely accurate. While it is true that the statistics show that African Americans are disproportionately represented in the prison population, this is not necessarily evidence of bias in the criminal justice system. Several factors contribute to this disparity, including higher crime rates in minority communities and the greater likelihood of repeat offenses.

Moreover, many of the measures that advocates of criminal justice reform propose are counterproductive and could have damaging consequences for the safety of the community. For instance, decriminalizing certain activities such as drug possession or prostitution can lead to more people engaging in these activities, ultimately leading to an increase in crime rates.

Finally, the criminal justice system has been continually improved over time to ensure that it is fair and just. For example, there have been significant strides in reducing wrongful convictions, increasing access to legal representation, and improving prison conditions. These efforts demonstrate that the system is not static and is evolving to provide better outcomes for all.

In conclusion, it is clear that there is no need for significant criminal justice reform in the United States. While there may be areas that could be improved, it is not necessary to overhaul the system entirely. The criminal justice system is an essential aspect of keeping the society safe and functioning, and it benefits everyone, regardless of their background. Therefore, it is crucial to continue supporting our law enforcement agencies and courts in their efforts to maintain the rule of law and a safe society.",['Law and order'],,,,,
59564_1_p1_d1,Judicial system,Should judges be elected or appointed?,,,"One of the cornerstones of a democracy is the ability of citizens to elect their representatives. This includes electing individuals to serve as judges in the judicial system. The argument in favor of electing judges is a simple one: the people should have a say in who is making decisions that impact their lives.
When judges are appointed, they may not necessarily represent the views of the community. Appointed judges may have political affiliations or personal biases that influence their rulings. This can create a disconnect between the people affected by decisions made by judges and the judges themselves.
In contrast, with elected judges, the people have a direct way to hold them accountable. Candidates for judicial positions must campaign and articulate their views to the public. This allows voters to make informed decisions about who they want to represent them in the courtroom.
Additionally, elections create competition between candidates, which can lead to more qualified individuals seeking office. This, in turn, can improve the overall quality of judges serving in the judicial system.
The idea of electing judges may not be perfect, but it is the most democratic way to ensure that judges are accountable to the people they serve. Elections provide transparency, allow for competition and give voters a voice in the selection of judges.",['Law and order'],,,,,